"Country","assets.to.gdp","credit.to.private","Share.of.Surface.Occupied.by.Forest","X","Exports","GDP","Production","Imports","Stock","Reserves","Unemployment"
"India",4.350506,50.37204,24.09102681,2,NA,137874250,697550674902.905,NA,137.82979307443,395591,NA
"Japan",78.19795,169.9592,67.97,1,842886.94559548,532545500,1686560740803.91,800689.871681208,172.82273818038,1240519.08087596,2.44119927226
"Madagascar",2.796245,13.10557,21.6,3,NA,NA,NA,NA,NA,1739.58829028962,NA
"Philippines",2.110158,47.56279,29.45205479,4,84635.111424309,18251853,116114350956.058,125368.793121597,222.45579269219,79193.37,5.3
"Sri Lanka",1.901394,50.16552,29.9,5,NA,9664228.29835193,19850399520.6666,NA,124.9244799481,6919.22,4.4
