"","Country","Exports","GDP","Production","Imports","Stock","Reserves","Unemployment"
"1","Japan",842886.94559548,532545500,1686560740803.91,800689.871681208,172.82273818038,1240519.08087596,2.44119927226
"2","India",NA,137874250,697550674902.905,NA,137.82979307443,395591,NA
"3","Madagascar",NA,NA,NA,NA,NA,1739.58829028962,NA
"4","Philippines",84635.111424309,18251853,116114350956.058,125368.793121597,222.45579269219,79193.37,5.3
"5","Sri Lanka",NA,9664228.29835193,19850399520.6666,NA,124.9244799481,6919.22,4.4
