,Country,Exports,GDP,Production,Imports,Stock,Reserves,Unemployment
1,Japan,842886.9456,532545500,1.68656E+12,800689.8717,172.8227382,1240519.081,2.441199272
2,India,987253.758,137874250,6.97551E+11,837462,137.8297931,395591,5.33
3,Madagascar,83645.253,1928462,37495027647,73847,92.462846,1739.58829,1.92
4,Philippines,84635.11142,18251853,1.16114E+11,125368.7931,222.4557927,79193.37,5.3
5,Sri Lanka,53647.587,9664228.298,19850399521,174829,124.9244799,6919.22,4.4